Join Date,Name,Completed
"Jun 13, 2021, 11:04:21 PM",June Cycling Challenge,false
"Jun 13, 2021, 11:04:59 PM",June Gran Fondo,false
"Jan 27, 2022, 9:55:12 PM",February Running Distance Challenge,false
"Oct 1, 2022, 2:49:58 PM",October Running Challenge,false
"Oct 1, 2022, 2:50:09 PM",October Half Marathon,false
"Dec 7, 2022, 10:08:10 AM",December Strengthen & Recover Challenge,false
"Dec 7, 2022, 6:28:58 PM",December Running Distance Challenge,false
"Dec 18, 2022, 10:56:15 PM",December Half Marathon,true
