Media Filename,Media Caption
media/df8f5a89-39ff-4c8e-8c08-05c73a8d87a6.jpg,""
media/ffa69c79-c283-46bc-b0f3-1c745dad00ab.jpg,""
media/ec17c1cc-71b3-4cc6-b9d5-9bf8e84f5b54.jpg,""
media/aa5d172b-eed9-467a-bb7b-8772356f533d.jpg,""
media/0aa34a2e-7cdf-484a-9d4b-32118037a960.jpg,""
media/6f17c221-6035-4eae-902a-900179f2f82f.jpg,""
media/d361aab9-c8be-409b-8883-d9fdaaf4fc4c.jpg,""
media/45491f87-05fe-4048-a4ca-07c0c5ff0718.jpg,""
media/fa006f2f-c2af-4c8e-a145-5e7a95d95a40.mp4,""
media/2633cb92-a774-4a2a-aa69-f930f3bcd471.jpg,""
media/b73e4889-0667-44d7-80fb-bc78ec775f80.jpg,""
media/2f3efe08-9f0e-4bcc-8715-2bdd20f948ef.jpg,""
media/d1e23d13-f998-4b94-a068-2e4404eea26d.jpg,""
media/7b53861c-3a5b-4f4b-894e-1c57325a3a0a.jpg,""
media/fca622a6-cca3-49c0-a229-f366323d5435.jpg,""
media/7dc121db-16cf-4427-85e5-7c5334c0d1e2.jpg,""
media/fbee67f8-34d2-44c7-bbfc-58983dd08e70.jpg,""
media/41b9835a-17bf-4db2-9232-40e9f63056b3.jpg,""
media/5fd8bd5c-0aad-495d-a51b-7745e84a41e5.jpg,""
media/abdda580-3dab-4547-b049-31ca55ba1168.jpg,""
media/d2accabb-2626-43e5-a999-d0504162b3d4.jpg,""
media/d9de41b7-dadd-4a11-bef6-33ac5f23d23b.jpg,""
media/06205a0d-2dd2-4acc-afc3-536bd50dfb4b.jpg,""
media/775dad78-a551-4090-bd50-a2e653b58b95.jpg,""
media/12535c33-8437-4495-81f1-2925ec6096cc.jpg,""
media/cf9d1fc2-bf7d-4e5f-af43-fe4779194e64.jpg,""
media/76f3166a-4319-43f1-b720-02ecbc61c6f2.jpg,""
media/18f82925-0c2e-41f4-9078-2eae7058d420.jpg,""
media/0dec8b27-b749-46e0-aed9-3c8fc8eb4c2d.jpg,""
media/006e4343-4327-4614-8dfd-013d89bdf736.jpg,""
media/aa35ca15-8f0a-4596-aec0-ee060c89a9f1.jpg,""
